10001,Aarav
10002,Vivaan
10003,Aditya
10004,Arjun
10005,Krishna
10006,Rohan
10007,Rahul
10008,Amit
10009,Ankit
10010,Ankur
10011,Akash
10012,Abhishek
10013,Ajay
10014,Aman
10015,Deepak
10016,Dinesh
10017,Gaurav
10018,Harsh
10019,Himanshu
10020,Karan
10021,Lokesh
10022,Manish
10023,Mohit
10024,Nikhil
10025,Nitin
10026,Pankaj
10027,Prakash
10028,Rajesh
10029,Rakesh
10030,Ravi
10031,Sachin
10032,Sandeep
10033,Shubham
10034,Sourabh
10035,Tarun
10036,Umesh
10037,Varun
10038,Vikas
10039,Vivek
10040,Yash
10041,Priya
10042,Pooja
10043,Neha
10044,Sneha
10045,Anjali
10046,Aarti
10047,Kavita
10048,Komal
10049,Nidhi
10050,Payal
10051,Aarav
10052,Vivaan
10053,Aditya
10054,Arjun
10055,Krishna
10056,Rohan
10057,Rahul
10058,Amit
10059,Ankit
10060,Ankur
10061,Akash
10062,Abhishek
10063,Ajay
10064,Aman
10065,Deepak
10066,Dinesh
10067,Gaurav
10068,Harsh
10069,Himanshu
10070,Karan
10071,Lokesh
10072,Manish
10073,Mohit
10074,Nikhil
10075,Nitin
10076,Pankaj
10077,Prakash
10078,Rajesh
10079,Rakesh
10080,Ravi
10081,Sachin
10082,Sandeep
10083,Shubham
10084,Sourabh
10085,Tarun
10086,Umesh
10087,Varun
10088,Vikas
10089,Vivek
10090,Yash
10091,Priya
10092,Pooja
10093,Neha
10094,Sneha
10095,Anjali
10096,Aarti
10097,Kavita
10098,Komal
10099,Nidhi
10100,Payal
10101,Aarav
10102,Vivaan
10103,Aditya
10104,Arjun
10105,Krishna
10106,Rohan
10107,Rahul
10108,Amit
10109,Ankit
10110,Ankur
10111,Akash
10112,Abhishek
10113,Ajay
10114,Aman
10115,Deepak
10116,Dinesh
10117,Gaurav
10118,Harsh
10119,Himanshu
10120,Karan
10121,Lokesh
10122,Manish
10123,Mohit
10124,Nikhil
10125,Nitin
10126,Pankaj
10127,Prakash
10128,Rajesh
10129,Rakesh
10130,Ravi
10131,Sachin
10132,Sandeep
10133,Shubham
10134,Sourabh
10135,Tarun
10136,Umesh
10137,Varun
10138,Vikas
10139,Vivek
10140,Yash
10141,Priya
10142,Pooja
10143,Neha
10144,Sneha
10145,Anjali
10146,Aarti
10147,Kavita
10148,Komal
10149,Nidhi
10150,Payal
10151,Aarav
10152,Vivaan
10153,Aditya
10154,Arjun
10155,Krishna
10156,Rohan
10157,Rahul
10158,Amit
10159,Ankit
10160,Ankur
10161,Akash
10162,Abhishek
10163,Ajay
10164,Aman
10165,Deepak
10166,Dinesh
10167,Gaurav
10168,Harsh
10169,Himanshu
10170,Karan
10171,Lokesh
10172,Manish
10173,Mohit
10174,Nikhil
10175,Nitin
10176,Pankaj
10177,Prakash
10178,Rajesh
10179,Rakesh
10180,Ravi
10181,Sachin
10182,Sandeep
10183,Shubham
10184,Sourabh
10185,Tarun
10186,Umesh
10187,Varun
10188,Vikas
10189,Vivek
10190,Yash
10191,Priya
10192,Pooja
10193,Neha
10194,Sneha
10195,Anjali
10196,Aarti
10197,Kavita
10198,Komal
10199,Nidhi
10200,Payal
10201,Aarav
10202,Vivaan
10203,Aditya
10204,Arjun
10205,Krishna
10206,Rohan
10207,Rahul
10208,Amit
10209,Ankit
10210,Ankur
10211,Akash
10212,Abhishek
10213,Ajay
10214,Aman
10215,Deepak
10216,Dinesh
10217,Gaurav
10218,Harsh
10219,Himanshu
10220,Karan
10221,Lokesh
10222,Manish
10223,Mohit
10224,Nikhil
10225,Nitin
10226,Pankaj
10227,Prakash
10228,Rajesh
10229,Rakesh
10230,Ravi
10231,Sachin
10232,Sandeep
10233,Shubham
10234,Sourabh
10235,Tarun
10236,Umesh
10237,Varun
10238,Vikas
10239,Vivek
10240,Yash
10241,Priya
10242,Pooja
10243,Neha
10244,Sneha
10245,Anjali
10246,Aarti
10247,Kavita
10248,Komal
10249,Nidhi
10250,Payal
10251,Aarav
10252,Vivaan
10253,Aditya
10254,Arjun
10255,Krishna
10256,Rohan
10257,Rahul
10258,Amit
10259,Ankit
10260,Ankur
10261,Akash
10262,Abhishek
10263,Ajay
10264,Aman
10265,Deepak
10266,Dinesh
10267,Gaurav
10268,Harsh
10269,Himanshu
10270,Karan
10271,Lokesh
10272,Manish
10273,Mohit
10274,Nikhil
10275,Nitin
10276,Pankaj
10277,Prakash
10278,Rajesh
10279,Rakesh
10280,Ravi
10281,Sachin
10282,Sandeep
10283,Shubham
10284,Sourabh
10285,Tarun
10286,Umesh
10287,Varun
10288,Vikas
10289,Vivek
10290,Yash
10291,Priya
10292,Pooja
10293,Neha
10294,Sneha
10295,Anjali
10296,Aarti
10297,Kavita
10298,Komal
10299,Nidhi
10300,Payal
10301,Aarav
10302,Vivaan
10303,Aditya
10304,Arjun
10305,Krishna
10306,Rohan
10307,Rahul
10308,Amit
10309,Ankit
10310,Ankur
10311,Akash
10312,Abhishek
10313,Ajay
10314,Aman
10315,Deepak
10316,Dinesh
10317,Gaurav
10318,Harsh
10319,Himanshu
10320,Karan
10321,Lokesh
10322,Manish
10323,Mohit
10324,Nikhil
10325,Nitin
10326,Pankaj
10327,Prakash
10328,Rajesh
10329,Rakesh
10330,Ravi
10331,Sachin
10332,Sandeep
10333,Shubham
10334,Sourabh
10335,Tarun
10336,Umesh
10337,Varun
10338,Vikas
10339,Vivek
10340,Yash
10341,Priya
10342,Pooja
10343,Neha
10344,Sneha
10345,Anjali
10346,Aarti
10347,Kavita
10348,Komal
10349,Nidhi
10350,Payal
10351,Aarav
10352,Vivaan
10353,Aditya
10354,Arjun
10355,Krishna
10356,Rohan
10357,Rahul
10358,Amit
10359,Ankit
10360,Ankur
10361,Akash
10362,Abhishek
10363,Ajay
10364,Aman
10365,Deepak
10366,Dinesh
10367,Gaurav
10368,Harsh
10369,Himanshu
10370,Karan
10371,Lokesh
10372,Manish
10373,Mohit
10374,Nikhil
10375,Nitin
10376,Pankaj
10377,Prakash
10378,Rajesh
10379,Rakesh
10380,Ravi
10381,Sachin
10382,Sandeep
10383,Shubham
10384,Sourabh
10385,Tarun
10386,Umesh
10387,Varun
10388,Vikas
10389,Vivek
10390,Yash
10391,Priya
10392,Pooja
10393,Neha
10394,Sneha
10395,Anjali
10396,Aarti
10397,Kavita
10398,Komal
10399,Nidhi
10400,Payal
10401,Aarav
10402,Vivaan
10403,Aditya
10404,Arjun
10405,Krishna
10406,Rohan
10407,Rahul
10408,Amit
10409,Ankit
10410,Ankur
10411,Akash
10412,Abhishek
10413,Ajay
10414,Aman
10415,Deepak
10416,Dinesh
10417,Gaurav
10418,Harsh
10419,Himanshu
10420,Karan
10421,Lokesh
10422,Manish
10423,Mohit
10424,Nikhil
10425,Nitin
10426,Pankaj
10427,Prakash
10428,Rajesh
10429,Rakesh
10430,Ravi
10431,Sachin
10432,Sandeep
10433,Shubham
10434,Sourabh
10435,Tarun
10436,Umesh
10437,Varun
10438,Vikas
10439,Vivek
10440,Yash
10441,Priya
10442,Pooja
10443,Neha
10444,Sneha
10445,Anjali
10446,Aarti
10447,Kavita
10448,Komal
10449,Nidhi
10450,Payal
10451,Aarav
10452,Vivaan
10453,Aditya
10454,Arjun
10455,Krishna
10456,Rohan
10457,Rahul
10458,Amit
10459,Ankit
10460,Ankur
10461,Akash
10462,Abhishek
10463,Ajay
10464,Aman
10465,Deepak
10466,Dinesh
10467,Gaurav
10468,Harsh
10469,Himanshu
10470,Karan
10471,Lokesh
10472,Manish
10473,Mohit
10474,Nikhil
10475,Nitin
10476,Pankaj
10477,Prakash
10478,Rajesh
10479,Rakesh
10480,Ravi
10481,Sachin
10482,Sandeep
10483,Shubham
10484,Sourabh
10485,Tarun
10486,Umesh
10487,Varun
10488,Vikas
10489,Vivek
10490,Yash
10491,Priya
10492,Pooja
10493,Neha
10494,Sneha
10495,Anjali
10496,Aarti
10497,Kavita
10498,Komal
10499,Nidhi
10500,Payal
10501,Aarav
10502,Vivaan
10503,Aditya
10504,Arjun
10505,Krishna
10506,Rohan
10507,Rahul
10508,Amit
10509,Ankit
10510,Ankur
10511,Akash
10512,Abhishek
10513,Ajay
10514,Aman
10515,Deepak
10516,Dinesh
10517,Gaurav
10518,Harsh
10519,Himanshu
10520,Karan
10521,Lokesh
10522,Manish
10523,Mohit
10524,Nikhil
10525,Nitin
10526,Pankaj
10527,Prakash
10528,Rajesh
10529,Rakesh
10530,Ravi
10531,Sachin
10532,Sandeep
10533,Shubham
10534,Sourabh
10535,Tarun
10536,Umesh
10537,Varun
10538,Vikas
10539,Vivek
10540,Yash
10541,Priya
10542,Pooja
10543,Neha
10544,Sneha
10545,Anjali
10546,Aarti
10547,Kavita
10548,Komal
10549,Nidhi
10550,Payal
10551,Aarav
10552,Vivaan
10553,Aditya
10554,Arjun
10555,Krishna
10556,Rohan
10557,Rahul
10558,Amit
10559,Ankit
10560,Ankur
10561,Akash
10562,Abhishek
10563,Ajay
10564,Aman
10565,Deepak
10566,Dinesh
10567,Gaurav
10568,Harsh
10569,Himanshu
10570,Karan
10571,Lokesh
10572,Manish
10573,Mohit
10574,Nikhil
10575,Nitin
10576,Pankaj
10577,Prakash
10578,Rajesh
10579,Rakesh
10580,Ravi
10581,Sachin
10582,Sandeep
10583,Shubham
10584,Sourabh
10585,Tarun
10586,Umesh
10587,Varun
10588,Vikas
10589,Vivek
10590,Yash
10591,Priya
10592,Pooja
10593,Neha
10594,Sneha
10595,Anjali
10596,Aarti
10597,Kavita
10598,Komal
10599,Nidhi
10600,Payal